<?xml version = '1.0' encoding = 'UTF-8'?>
<Diagram class="oracle.dbtools.crest.swingui.logical.DPVLogical" name="Logical" id="80A05F41-9290-CC77-59DC-79520D6D213F">
<createdBy>Ninao</createdBy>
<modifiedBy>Ninao</modifiedBy>
<createdTime>2025-08-25 23:53:22 UTC</createdTime>
<autoRoute>false</autoRoute>
<boxInbox>true</boxInbox>
<showLegend>false</showLegend>
<showLabels>false</showLabels>
<showRelAttributes>false</showRelAttributes>
<gridEnabled>false</gridEnabled>
<showGrid>false</showGrid>
<diagramColor>-1</diagramColor>
<display>false</display>
<notation>1</notation>
<objectViews>
<OView class="oracle.dbtools.crest.swingui.logical.TVEntity" oid="52E0DFFA-289B-982A-3172-419156F71BC1" otype="Entity" vid="546C6E2C-1B98-6FCE-5C45-14CEA60BA425">
<hideElementsInCurrentOnly>false</hideElementsInCurrentOnly>
<bounds x="24" y="283" width="258" height="163"/>
</OView>
<OView class="oracle.dbtools.crest.swingui.logical.TVEntity" oid="6512740F-D30E-8F3F-B6D9-5770E26740ED" otype="Entity" vid="6FB5EA02-52F5-0564-D12F-4E64EB7A1EB1">
<hideElementsInCurrentOnly>false</hideElementsInCurrentOnly>
<bounds x="78" y="73" width="221" height="145"/>
</OView>
<OView class="oracle.dbtools.crest.swingui.logical.TVEntity" oid="83715C4F-B814-B10E-D0A5-6691C7D5BE5F" otype="Entity" vid="7F5170CD-1D0B-B8BD-0878-F2B192070060">
<hideElementsInCurrentOnly>false</hideElementsInCurrentOnly>
<bounds x="351" y="12" width="225" height="185"/>
</OView>
<OView class="oracle.dbtools.crest.swingui.logical.TVEntity" oid="ADA0BE5C-8796-C2E7-6395-F20B9BD8D4AC" otype="Entity" vid="3A87E274-5EC7-3F08-6E79-685D3155ED1F">
<hideElementsInCurrentOnly>false</hideElementsInCurrentOnly>
<bounds x="401" y="309" width="239" height="176"/>
</OView>
</objectViews>
<connectors>
<Connector class="oracle.dbtools.crest.swingui.logical.TVRelation" oid="2CD8DB05-8D01-DCC4-A017-4150DC5F55BB" otype="Relation" vid_source="6FB5EA02-52F5-0564-D12F-4E64EB7A1EB1" vid_target="3A87E274-5EC7-3F08-6E79-685D3155ED1F">
<hideElementsInCurrentOnly>false</hideElementsInCurrentOnly>
<backgroundColor>-16777216</backgroundColor>
<lineWidth>1</lineWidth>
<points>
<point x="205" y="218"/>
<point x="401" y="309"/>
</points>
</Connector>
<Connector class="oracle.dbtools.crest.swingui.logical.TVRelation" oid="3CD92F07-548A-ED03-E9C5-BE8CDD430822" otype="Relation" vid_source="7F5170CD-1D0B-B8BD-0878-F2B192070060" vid_target="3A87E274-5EC7-3F08-6E79-685D3155ED1F">
<hideElementsInCurrentOnly>false</hideElementsInCurrentOnly>
<backgroundColor>-16777216</backgroundColor>
<lineWidth>1</lineWidth>
<points>
<point x="423" y="197"/>
<point x="423" y="309"/>
</points>
</Connector>
<Connector class="oracle.dbtools.crest.swingui.logical.TVRelation" oid="667E5D65-AFC1-1EA2-09BD-D8F641EACC04" otype="Relation" vid_source="546C6E2C-1B98-6FCE-5C45-14CEA60BA425" vid_target="3A87E274-5EC7-3F08-6E79-685D3155ED1F">
<hideElementsInCurrentOnly>false</hideElementsInCurrentOnly>
<backgroundColor>-16777216</backgroundColor>
<lineWidth>1</lineWidth>
<points>
<point x="282" y="363"/>
<point x="401" y="363"/>
</points>
</Connector>
</connectors>
</Diagram>