<?xml version = '1.0' encoding = 'UTF-8'?>
<Entity class="oracle.dbtools.crest.model.design.logical.Entity" directorySegmentName="seg_0" id="52E0DFFA-289B-982A-3172-419156F71BC1" name="VUELO">
<createdBy>Ninao</createdBy>
<createdTime>2025-08-26 00:16:51 UTC</createdTime>
<ownerDesignName>nina</ownerDesignName>
<engineerTo>
<item key="E2C5163A-9226-EE4E-65BE-A86DEADAF4CC" value="true"/>
</engineerTo>
<adequatelyNormalized>NO</adequatelyNormalized>
<expectedVolumes>0</expectedVolumes>
<fwdEngineeringStrategyName>Single Table</fwdEngineeringStrategyName>
<growthPercent>0</growthPercent>
<growthType>Year</growthType>
<maxVolumes>9999999</maxVolumes>
<minVolumes>0</minVolumes>
<normalForm>Third</normalForm>
<attributes itemClass="oracle.dbtools.crest.model.design.logical.Attribute">
<Attribute name="id vuelo" id="8751B484-0FBC-3238-D0F4-5BE1E10090A9">
<createdBy>Ninao</createdBy>
<createdTime>2025-08-26 00:16:59 UTC</createdTime>
<ownerDesignName>nina</ownerDesignName>
<engineerTo>
<item key="E2C5163A-9226-EE4E-65BE-A86DEADAF4CC" value="true"/>
</engineerTo>
<use>0</use>
<ownDataTypeParameters>,,</ownDataTypeParameters>
</Attribute>
<Attribute name="numero vuelo" id="F41D921C-ECC8-3B1B-B20C-E5FA006C04C1">
<createdBy>Ninao</createdBy>
<createdTime>2025-08-26 00:17:08 UTC</createdTime>
<ownerDesignName>nina</ownerDesignName>
<engineerTo>
<item key="E2C5163A-9226-EE4E-65BE-A86DEADAF4CC" value="true"/>
</engineerTo>
<useDomainConstraints>false</useDomainConstraints>
<use>1</use>
<logicalDatatype>LOGDT024</logicalDatatype>
<dataTypeSize>10</dataTypeSize>
<ownDataTypeParameters>10,,</ownDataTypeParameters>
</Attribute>
<Attribute name="fecha despegue" id="67A16758-F719-1CD7-BDE2-C9360C390B7A">
<createdBy>Ninao</createdBy>
<createdTime>2025-08-26 00:20:28 UTC</createdTime>
<ownerDesignName>nina</ownerDesignName>
<engineerTo>
<item key="E2C5163A-9226-EE4E-65BE-A86DEADAF4CC" value="true"/>
</engineerTo>
<useDomainConstraints>false</useDomainConstraints>
<use>1</use>
<logicalDatatype>LOGDT007</logicalDatatype>
<ownDataTypeParameters>,,</ownDataTypeParameters>
</Attribute>
<Attribute name="fecha llegada" id="5926C1DE-295B-EF0E-D828-40D07329B48D">
<createdBy>Ninao</createdBy>
<createdTime>2025-08-26 00:21:00 UTC</createdTime>
<ownerDesignName>nina</ownerDesignName>
<engineerTo>
<item key="E2C5163A-9226-EE4E-65BE-A86DEADAF4CC" value="true"/>
</engineerTo>
<useDomainConstraints>false</useDomainConstraints>
<use>1</use>
<logicalDatatype>LOGDT007</logicalDatatype>
<ownDataTypeParameters>,,</ownDataTypeParameters>
</Attribute>
<Attribute name="hora salida" id="D1F88EAE-A3E9-974D-E6B7-CE29334B1E4A">
<createdBy>Ninao</createdBy>
<createdTime>2025-08-26 00:21:13 UTC</createdTime>
<ownerDesignName>nina</ownerDesignName>
<engineerTo>
<item key="E2C5163A-9226-EE4E-65BE-A86DEADAF4CC" value="true"/>
</engineerTo>
<useDomainConstraints>false</useDomainConstraints>
<use>1</use>
<logicalDatatype>LOGDT024</logicalDatatype>
<dataTypeSize>10</dataTypeSize>
<ownDataTypeParameters>10,,</ownDataTypeParameters>
</Attribute>
<Attribute name="PASAJERO id pasajero" id="D2251650-0807-587B-BAAA-B15F8747CEC9">
<createdBy>Ninao</createdBy>
<createdTime>2025-08-26 00:55:35 UTC</createdTime>
<generatorID>A378D6F7-649E-9250-C261-F5B1F25784FB</generatorID>
<ownerDesignName>nina</ownerDesignName>
<engineerTo>
<item key="E2C5163A-9226-EE4E-65BE-A86DEADAF4CC" value="true"/>
</engineerTo>
<useDomainConstraints>false</useDomainConstraints>
<use>1</use>
<ownDataTypeParameters>,,</ownDataTypeParameters>
</Attribute>
</attributes>
<identifiers itemClass="oracle.dbtools.crest.model.design.logical.CandidateKey">
<identifier id="70636C98-7757-15BA-35EC-CFE095D3937F" name="VUELO PK">
<createdBy>Ninao</createdBy>
<createdTime>2025-08-26 00:17:07 UTC</createdTime>
<ownerDesignName>nina</ownerDesignName>
<engineerTo>
<item key="E2C5163A-9226-EE4E-65BE-A86DEADAF4CC" value="true"/>
</engineerTo>
<pk>true</pk>
<usedAttributes>
<attributeRef>8751B484-0FBC-3238-D0F4-5BE1E10090A9</attributeRef>
</usedAttributes>
</identifier>
</identifiers>
</Entity>