<?xml version = '1.0' encoding = 'UTF-8'?>
<Entity class="oracle.dbtools.crest.model.design.logical.Entity" directorySegmentName="seg_0" id="83715C4F-B814-B10E-D0A5-6691C7D5BE5F" name="EMPLEADO">
<createdBy>Ninao</createdBy>
<createdTime>2025-08-26 00:13:52 UTC</createdTime>
<ownerDesignName>nina</ownerDesignName>
<engineerTo>
<item key="E2C5163A-9226-EE4E-65BE-A86DEADAF4CC" value="true"/>
</engineerTo>
<adequatelyNormalized>NO</adequatelyNormalized>
<expectedVolumes>0</expectedVolumes>
<fwdEngineeringStrategyName>Single Table</fwdEngineeringStrategyName>
<growthPercent>0</growthPercent>
<growthType>Year</growthType>
<maxVolumes>9999999</maxVolumes>
<minVolumes>0</minVolumes>
<normalForm>Third</normalForm>
<attributes itemClass="oracle.dbtools.crest.model.design.logical.Attribute">
<Attribute name="id empleado" id="2AA2DE41-5AC6-15D5-0FE7-70EB40C18596">
<createdBy>Ninao</createdBy>
<createdTime>2025-08-26 00:14:04 UTC</createdTime>
<ownerDesignName>nina</ownerDesignName>
<engineerTo>
<item key="E2C5163A-9226-EE4E-65BE-A86DEADAF4CC" value="true"/>
</engineerTo>
<use>0</use>
<ownDataTypeParameters>,,</ownDataTypeParameters>
</Attribute>
<Attribute name="rut" id="F4785A26-158F-7BEA-C256-F1EE330FE299">
<createdBy>Ninao</createdBy>
<createdTime>2025-08-26 00:14:22 UTC</createdTime>
<ownerDesignName>nina</ownerDesignName>
<engineerTo>
<item key="E2C5163A-9226-EE4E-65BE-A86DEADAF4CC" value="true"/>
</engineerTo>
<useDomainConstraints>false</useDomainConstraints>
<use>1</use>
<logicalDatatype>LOGDT024</logicalDatatype>
<dataTypeSize>12</dataTypeSize>
<ownDataTypeParameters>12,,</ownDataTypeParameters>
</Attribute>
<Attribute name="nombre completo" id="4510E99C-8F95-7A06-4073-84569205F60C">
<createdBy>Ninao</createdBy>
<createdTime>2025-08-26 00:14:37 UTC</createdTime>
<ownerDesignName>nina</ownerDesignName>
<engineerTo>
<item key="E2C5163A-9226-EE4E-65BE-A86DEADAF4CC" value="true"/>
</engineerTo>
<useDomainConstraints>false</useDomainConstraints>
<use>1</use>
<logicalDatatype>LOGDT024</logicalDatatype>
<dataTypeSize>100</dataTypeSize>
<ownDataTypeParameters>100,,</ownDataTypeParameters>
</Attribute>
<Attribute name="dirección" id="2BE61BDC-9C0C-828C-0D1C-0CE361899C36">
<createdBy>Ninao</createdBy>
<createdTime>2025-08-26 00:14:45 UTC</createdTime>
<ownerDesignName>nina</ownerDesignName>
<engineerTo>
<item key="E2C5163A-9226-EE4E-65BE-A86DEADAF4CC" value="true"/>
</engineerTo>
<useDomainConstraints>false</useDomainConstraints>
<use>1</use>
<logicalDatatype>LOGDT024</logicalDatatype>
<dataTypeSize>150</dataTypeSize>
<ownDataTypeParameters>150,,</ownDataTypeParameters>
</Attribute>
<Attribute name="sueldo base" id="123D0471-784F-FCFF-B73F-90549DEC1B89">
<createdBy>Ninao</createdBy>
<createdTime>2025-08-26 00:14:56 UTC</createdTime>
<ownerDesignName>nina</ownerDesignName>
<engineerTo>
<item key="E2C5163A-9226-EE4E-65BE-A86DEADAF4CC" value="true"/>
</engineerTo>
<nullsAllowed>true</nullsAllowed>
<useDomainConstraints>false</useDomainConstraints>
<use>1</use>
<logicalDatatype>LOGDT019</logicalDatatype>
<dataTypePrecision>10</dataTypePrecision>
<dataTypeScale>2</dataTypeScale>
<ownDataTypeParameters>,10,2</ownDataTypeParameters>
</Attribute>
<Attribute name="fecha ingreso" id="4E5A2C9A-8024-5DD2-277F-8B07EAF449D8">
<createdBy>Ninao</createdBy>
<createdTime>2025-08-26 00:15:05 UTC</createdTime>
<ownerDesignName>nina</ownerDesignName>
<engineerTo>
<item key="E2C5163A-9226-EE4E-65BE-A86DEADAF4CC" value="true"/>
</engineerTo>
<useDomainConstraints>false</useDomainConstraints>
<use>1</use>
<logicalDatatype>LOGDT007</logicalDatatype>
<ownDataTypeParameters>,,</ownDataTypeParameters>
</Attribute>
<Attribute name="genero" id="E1039603-25CD-6115-1D14-B94A5A895587">
<createdBy>Ninao</createdBy>
<createdTime>2025-08-26 00:15:14 UTC</createdTime>
<ownerDesignName>nina</ownerDesignName>
<engineerTo>
<item key="E2C5163A-9226-EE4E-65BE-A86DEADAF4CC" value="true"/>
</engineerTo>
<useDomainConstraints>false</useDomainConstraints>
<use>1</use>
<logicalDatatype>LOGDT024</logicalDatatype>
<dataTypeSize>12</dataTypeSize>
<ownDataTypeParameters>12,,</ownDataTypeParameters>
</Attribute>
<Attribute name="telefono movil" id="BB4CA1E7-304D-1319-1268-0EBE9A997E3C">
<createdBy>Ninao</createdBy>
<createdTime>2025-08-26 00:15:23 UTC</createdTime>
<ownerDesignName>nina</ownerDesignName>
<engineerTo>
<item key="E2C5163A-9226-EE4E-65BE-A86DEADAF4CC" value="true"/>
</engineerTo>
<useDomainConstraints>false</useDomainConstraints>
<use>1</use>
<logicalDatatype>LOGDT024</logicalDatatype>
<dataTypeSize>20</dataTypeSize>
<ownDataTypeParameters>20,,</ownDataTypeParameters>
</Attribute>
<Attribute name="telefeno contacto" id="77E93350-BB24-4AD6-423F-AB245B548F90">
<createdBy>Ninao</createdBy>
<createdTime>2025-08-26 00:15:32 UTC</createdTime>
<ownerDesignName>nina</ownerDesignName>
<engineerTo>
<item key="E2C5163A-9226-EE4E-65BE-A86DEADAF4CC" value="true"/>
</engineerTo>
<nullsAllowed>true</nullsAllowed>
<useDomainConstraints>false</useDomainConstraints>
<use>1</use>
<logicalDatatype>LOGDT024</logicalDatatype>
<dataTypeSize>20</dataTypeSize>
<ownDataTypeParameters>20,,</ownDataTypeParameters>
</Attribute>
</attributes>
<identifiers itemClass="oracle.dbtools.crest.model.design.logical.CandidateKey">
<identifier id="EB9E6D09-C5FD-9DE0-3CC7-E33C1811CD0B" name="EMPLEADO PK">
<createdBy>Ninao</createdBy>
<createdTime>2025-08-26 00:14:13 UTC</createdTime>
<ownerDesignName>nina</ownerDesignName>
<engineerTo>
<item key="E2C5163A-9226-EE4E-65BE-A86DEADAF4CC" value="true"/>
</engineerTo>
<pk>true</pk>
<usedAttributes>
<attributeRef>2AA2DE41-5AC6-15D5-0FE7-70EB40C18596</attributeRef>
</usedAttributes>
</identifier>
</identifiers>
</Entity>