<?xml version = '1.0' encoding = 'UTF-8'?>
<Entity class="oracle.dbtools.crest.model.design.logical.Entity" directorySegmentName="seg_0" id="ADA0BE5C-8796-C2E7-6395-F20B9BD8D4AC" name="RESERVA">
<createdBy>Ninao</createdBy>
<createdTime>2025-08-26 00:22:25 UTC</createdTime>
<ownerDesignName>nina</ownerDesignName>
<engineerTo>
<item key="E2C5163A-9226-EE4E-65BE-A86DEADAF4CC" value="true"/>
</engineerTo>
<adequatelyNormalized>NO</adequatelyNormalized>
<expectedVolumes>0</expectedVolumes>
<fwdEngineeringStrategyName>Single Table</fwdEngineeringStrategyName>
<growthPercent>0</growthPercent>
<growthType>Year</growthType>
<maxVolumes>9999999</maxVolumes>
<minVolumes>0</minVolumes>
<normalForm>Third</normalForm>
<attributes itemClass="oracle.dbtools.crest.model.design.logical.Attribute">
<Attribute name="id reserva" id="82D63E4E-C39F-558B-6AB4-9E31638E9FF7">
<createdBy>Ninao</createdBy>
<createdTime>2025-08-26 00:22:40 UTC</createdTime>
<ownerDesignName>nina</ownerDesignName>
<engineerTo>
<item key="E2C5163A-9226-EE4E-65BE-A86DEADAF4CC" value="true"/>
</engineerTo>
<use>0</use>
<ownDataTypeParameters>,,</ownDataTypeParameters>
</Attribute>
<Attribute name="fecha reserva" id="3CF1AD50-A4EA-576C-BEFB-AA05DA16356E">
<createdBy>Ninao</createdBy>
<createdTime>2025-08-26 00:22:47 UTC</createdTime>
<ownerDesignName>nina</ownerDesignName>
<engineerTo>
<item key="E2C5163A-9226-EE4E-65BE-A86DEADAF4CC" value="true"/>
</engineerTo>
<use>0</use>
<ownDataTypeParameters>,,</ownDataTypeParameters>
</Attribute>
<Attribute name="fecha viaje" id="26491E5E-D629-18F8-E206-148BA05AAD59">
<createdBy>Ninao</createdBy>
<createdTime>2025-08-26 00:22:57 UTC</createdTime>
<ownerDesignName>nina</ownerDesignName>
<engineerTo>
<item key="E2C5163A-9226-EE4E-65BE-A86DEADAF4CC" value="true"/>
</engineerTo>
<use>0</use>
<ownDataTypeParameters>,,</ownDataTypeParameters>
</Attribute>
<Attribute name="estado (confirmacion/nula)" id="DAB93D4F-4D9F-D059-B2A6-F036AEB2CE19">
<createdBy>Ninao</createdBy>
<createdTime>2025-08-26 00:23:06 UTC</createdTime>
<ownerDesignName>nina</ownerDesignName>
<engineerTo>
<item key="E2C5163A-9226-EE4E-65BE-A86DEADAF4CC" value="true"/>
</engineerTo>
<use>0</use>
<ownDataTypeParameters>,,</ownDataTypeParameters>
</Attribute>
<Attribute name="id pasajero" id="86E38E54-2D05-128F-2BFF-4420BAEAC983">
<createdBy>Ninao</createdBy>
<createdTime>2025-08-26 00:23:36 UTC</createdTime>
<ownerDesignName>nina</ownerDesignName>
<engineerTo>
<item key="E2C5163A-9226-EE4E-65BE-A86DEADAF4CC" value="true"/>
</engineerTo>
<use>0</use>
<ownDataTypeParameters>,,</ownDataTypeParameters>
</Attribute>
<Attribute name="id vuelo" id="3E80CAD5-9DCC-8FF5-BB42-4C42B83498E8">
<createdBy>Ninao</createdBy>
<createdTime>2025-08-26 00:23:56 UTC</createdTime>
<ownerDesignName>nina</ownerDesignName>
<engineerTo>
<item key="E2C5163A-9226-EE4E-65BE-A86DEADAF4CC" value="true"/>
</engineerTo>
<use>0</use>
<ownDataTypeParameters>,,</ownDataTypeParameters>
</Attribute>
<Attribute name="id empleado" id="8FD0030F-DE9E-8019-E0A9-9ACDC1E6DD47">
<createdBy>Ninao</createdBy>
<createdTime>2025-08-26 00:24:08 UTC</createdTime>
<ownerDesignName>nina</ownerDesignName>
<engineerTo>
<item key="E2C5163A-9226-EE4E-65BE-A86DEADAF4CC" value="true"/>
</engineerTo>
<use>0</use>
<ownDataTypeParameters>,,</ownDataTypeParameters>
</Attribute>
<Attribute name="id vuelo1" id="6FB9A916-2FBF-E45C-0332-5BBBE2DA1AA4">
<createdBy>Ninao</createdBy>
<createdTime>2025-08-26 00:54:08 UTC</createdTime>
<generatorID>667E5D65-AFC1-1EA2-09BD-D8F641EACC04</generatorID>
<ownerDesignName>nina</ownerDesignName>
<engineerTo>
<item key="E2C5163A-9226-EE4E-65BE-A86DEADAF4CC" value="true"/>
</engineerTo>
<referedAttribute>8751B484-0FBC-3238-D0F4-5BE1E10090A9</referedAttribute>
<use>0</use>
<ownDataTypeParameters>,,</ownDataTypeParameters>
</Attribute>
<Attribute name="id pasajero" id="4C0644D4-573C-5F1C-3D7C-C9DDE8322083">
<createdBy>Ninao</createdBy>
<createdTime>2025-08-26 00:54:13 UTC</createdTime>
<generatorID>2CD8DB05-8D01-DCC4-A017-4150DC5F55BB</generatorID>
<ownerDesignName>nina</ownerDesignName>
<engineerTo>
<item key="E2C5163A-9226-EE4E-65BE-A86DEADAF4CC" value="true"/>
</engineerTo>
<referedAttribute>FF46B537-A32B-AB73-3C50-3B36751B0668</referedAttribute>
<use>0</use>
<ownDataTypeParameters>,,</ownDataTypeParameters>
</Attribute>
<Attribute name="id empleado" id="E4F7AC91-E624-9F79-20CB-72948428A3EC">
<createdBy>Ninao</createdBy>
<createdTime>2025-08-26 00:54:17 UTC</createdTime>
<generatorID>3CD92F07-548A-ED03-E9C5-BE8CDD430822</generatorID>
<ownerDesignName>nina</ownerDesignName>
<engineerTo>
<item key="E2C5163A-9226-EE4E-65BE-A86DEADAF4CC" value="true"/>
</engineerTo>
<referedAttribute>2AA2DE41-5AC6-15D5-0FE7-70EB40C18596</referedAttribute>
<use>0</use>
<ownDataTypeParameters>,,</ownDataTypeParameters>
</Attribute>
</attributes>
<identifiers itemClass="oracle.dbtools.crest.model.design.logical.CandidateKey">
<identifier id="9ACA5A6C-83BA-C9B6-71F6-859776B3AB7C" name="RESERVA_PK">
<createdBy>Ninao</createdBy>
<createdTime>2025-08-26 00:22:46 UTC</createdTime>
<ownerDesignName>nina</ownerDesignName>
<engineerTo>
<item key="E2C5163A-9226-EE4E-65BE-A86DEADAF4CC" value="true"/>
</engineerTo>
<pk>true</pk>
<usedAttributes>
<attributeRef>82D63E4E-C39F-558B-6AB4-9E31638E9FF7</attributeRef>
</usedAttributes>
</identifier>
</identifiers>
</Entity>