<?xml version = '1.0' encoding = 'UTF-8'?>
<Diagram class="oracle.dbtools.crest.swingui.relational.DPVRelational" name="Relational_1" id="1677D61D-46E7-8756-C19D-E13C2131EF7D">
<createdBy>Ninao</createdBy>
<modifiedBy>Ninao</modifiedBy>
<createdTime>2025-08-26 00:39:31 UTC</createdTime>
<autoRoute>false</autoRoute>
<boxInbox>true</boxInbox>
<showLegend>false</showLegend>
<showLabels>false</showLabels>
<showRelAttributes>false</showRelAttributes>
<gridEnabled>false</gridEnabled>
<showGrid>false</showGrid>
<diagramColor>-1</diagramColor>
<display>false</display>
<notation>1</notation>
<objectViews>
<OView class="oracle.dbtools.crest.swingui.relational.TVTable" oid="46B08132-9844-F0BB-8CEA-1677F3083E35" otype="Table" vid="FEC7B38B-63A4-A69E-931F-E55A1F51BBDE">
<hideElementsInCurrentOnly>false</hideElementsInCurrentOnly>
<bounds x="78" y="73" width="221" height="145"/>
</OView>
<OView class="oracle.dbtools.crest.swingui.relational.TVTable" oid="5B44F3E7-EBEC-3043-5A96-11BEA57BBC4D" otype="Table" vid="177B2BE3-BFA5-0832-7762-7512FE6F7145">
<hideElementsInCurrentOnly>false</hideElementsInCurrentOnly>
<bounds x="351" y="12" width="225" height="185"/>
</OView>
<OView class="oracle.dbtools.crest.swingui.relational.TVTable" oid="66E83EBC-E51E-AC22-19C6-31CB00CCE3D0" otype="Table" vid="9E95285C-E788-BADA-7D1B-7135DB99148F">
<hideElementsInCurrentOnly>false</hideElementsInCurrentOnly>
<bounds x="24" y="283" width="258" height="163"/>
</OView>
<OView class="oracle.dbtools.crest.swingui.relational.TVTable" oid="C37DCD92-5336-EB9D-00FD-4F90ECDF99F3" otype="Table" vid="E255171D-011C-4227-1C2E-1A68FDB07516">
<hideElementsInCurrentOnly>false</hideElementsInCurrentOnly>
<bounds x="401" y="309" width="239" height="176"/>
</OView>
</objectViews>
<connectors>
<Connector class="oracle.dbtools.crest.swingui.relational.TVImpliedForeignKey" oid="48D2CB75-8E39-9DBE-E15A-E346192F64FF" otype="ImpliedForeignKey" vid_source="9E95285C-E788-BADA-7D1B-7135DB99148F" vid_target="E255171D-011C-4227-1C2E-1A68FDB07516">
<hideElementsInCurrentOnly>false</hideElementsInCurrentOnly>
<backgroundColor>-2472729</backgroundColor>
<lineWidth>1</lineWidth>
<points>
<point x="282" y="392"/>
<point x="401" y="392"/>
</points>
</Connector>
<Connector class="oracle.dbtools.crest.swingui.relational.TVImpliedForeignKey" oid="4DE4BBFC-73B2-EA39-68F4-F54A92E058EF" otype="ImpliedForeignKey" vid_source="FEC7B38B-63A4-A69E-931F-E55A1F51BBDE" vid_target="E255171D-011C-4227-1C2E-1A68FDB07516">
<hideElementsInCurrentOnly>false</hideElementsInCurrentOnly>
<backgroundColor>-2472729</backgroundColor>
<lineWidth>1</lineWidth>
<points>
<point x="284" y="218"/>
<point x="404" y="309"/>
</points>
</Connector>
<Connector class="oracle.dbtools.crest.swingui.relational.TVImpliedForeignKey" oid="A6B3A21B-7621-B158-A7E0-83EBD68EF663" otype="ImpliedForeignKey" vid_source="177B2BE3-BFA5-0832-7762-7512FE6F7145" vid_target="E255171D-011C-4227-1C2E-1A68FDB07516">
<hideElementsInCurrentOnly>false</hideElementsInCurrentOnly>
<backgroundColor>-2472729</backgroundColor>
<lineWidth>1</lineWidth>
<points>
<point x="488" y="197"/>
<point x="488" y="309"/>
</points>
</Connector>
</connectors>
</Diagram>