<?xml version = '1.0' encoding = 'UTF-8'?>
<Table class="oracle.dbtools.crest.model.design.relational.Table" directorySegmentName="seg_0" id="46B08132-9844-F0BB-8CEA-1677F3083E35" name="PASAJERO">
<createdBy>Ninao</createdBy>
<createdTime>2025-08-26 00:39:31 UTC</createdTime>
<generatorID>6512740F-D30E-8F3F-B6D9-5770E26740ED</generatorID>
<ownerDesignName>nina</ownerDesignName>
<allowColumnReorder>false</allowColumnReorder>
<existDependencyGenerateInDDl>true</existDependencyGenerateInDDl>
<parsed>true</parsed>
<columns itemClass="oracle.dbtools.crest.model.design.relational.Column">
<Column name="id_pasajero" id="E75AA302-7CDC-BB0E-F177-5EE9E674EC54">
<createdBy>Ninao</createdBy>
<createdTime>2025-08-26 00:39:31 UTC</createdTime>
<generatorID>FF46B537-A32B-AB73-3C50-3B36751B0668</generatorID>
<ownerDesignName>nina</ownerDesignName>
<useDomainConstraints>false</useDomainConstraints>
<use>1</use>
<ownDataTypeParameters>,,</ownDataTypeParameters>
<autoIncrementCycle>false</autoIncrementCycle>
</Column>
<Column name="pasaporte_cedula" id="13F50F04-5493-5D73-EACF-AD051BB15C03">
<createdBy>Ninao</createdBy>
<createdTime>2025-08-26 00:39:31 UTC</createdTime>
<generatorID>4D88ADEB-8152-B0AD-C40E-6D0B77C56EF6</generatorID>
<ownerDesignName>nina</ownerDesignName>
<useDomainConstraints>false</useDomainConstraints>
<use>1</use>
<logicalDatatype>LOGDT024</logicalDatatype>
<dataTypeSize>20</dataTypeSize>
<ownDataTypeParameters>20,,</ownDataTypeParameters>
<autoIncrementCycle>false</autoIncrementCycle>
</Column>
<Column name="nombre_completo" id="D98E04A9-7EDE-D1D6-2430-33D2F08747C5">
<createdBy>Ninao</createdBy>
<createdTime>2025-08-26 00:39:31 UTC</createdTime>
<generatorID>543A9F02-FE85-1131-140B-2E4AEB01E544</generatorID>
<ownerDesignName>nina</ownerDesignName>
<useDomainConstraints>false</useDomainConstraints>
<use>1</use>
<logicalDatatype>LOGDT024</logicalDatatype>
<dataTypeSize>100</dataTypeSize>
<ownDataTypeParameters>100,,</ownDataTypeParameters>
<autoIncrementCycle>false</autoIncrementCycle>
</Column>
<Column name="fecha_nacimiento" id="B1E4E934-CA98-CBEA-A53A-E8125DD98F2A">
<createdBy>Ninao</createdBy>
<createdTime>2025-08-26 00:47:03 UTC</createdTime>
<ownerDesignName>nina</ownerDesignName>
<useDomainConstraints>false</useDomainConstraints>
<use>1</use>
<logicalDatatype>LOGDT007</logicalDatatype>
<ownDataTypeParameters>,,</ownDataTypeParameters>
<autoIncrementCycle>false</autoIncrementCycle>
</Column>
<Column name="nacionalidad" id="4883BF11-910F-3B41-41B0-39FE12F3AD33">
<createdBy>Ninao</createdBy>
<createdTime>2025-08-26 00:39:31 UTC</createdTime>
<generatorID>5DF7F947-2966-051C-1A40-3A6B6B4C0996</generatorID>
<ownerDesignName>nina</ownerDesignName>
<useDomainConstraints>false</useDomainConstraints>
<use>1</use>
<logicalDatatype>LOGDT024</logicalDatatype>
<dataTypeSize>50</dataTypeSize>
<ownDataTypeParameters>50,,</ownDataTypeParameters>
<autoIncrementCycle>false</autoIncrementCycle>
</Column>
<Column name="telefeno_contacto" id="E745FEA1-CD56-F544-152A-2FFD34A355F5">
<createdBy>Ninao</createdBy>
<createdTime>2025-08-26 00:39:31 UTC</createdTime>
<generatorID>420C3037-883D-3F17-6AC8-4BD42BFF8262</generatorID>
<ownerDesignName>nina</ownerDesignName>
<nullsAllowed>true</nullsAllowed>
<useDomainConstraints>false</useDomainConstraints>
<use>1</use>
<logicalDatatype>LOGDT007</logicalDatatype>
<ownDataTypeParameters>,,</ownDataTypeParameters>
<autoIncrementCycle>false</autoIncrementCycle>
</Column>
<Column name="correo" id="F9E750FB-A47A-FBCE-DCFA-A75D77286143">
<createdBy>Ninao</createdBy>
<createdTime>2025-08-26 00:39:31 UTC</createdTime>
<generatorID>63B24057-60DC-C107-388B-1C606AF55345</generatorID>
<ownerDesignName>nina</ownerDesignName>
<useDomainConstraints>false</useDomainConstraints>
<use>1</use>
<logicalDatatype>LOGDT024</logicalDatatype>
<dataTypeSize>100</dataTypeSize>
<ownDataTypeParameters>100,,</ownDataTypeParameters>
<autoIncrementCycle>false</autoIncrementCycle>
</Column>
</columns>
<indexes itemClass="oracle.dbtools.crest.model.design.relational.Index">
<ind_PK_UK id="34A8047C-E181-E077-359C-3B2937F45119" name="PASAJERO_PK">
<createdBy>Ninao</createdBy>
<createdTime>2025-08-26 00:39:31 UTC</createdTime>
<generatorID>FB826960-8022-B91C-3910-7E4F16CA21DD</generatorID>
<ownerDesignName>nina</ownerDesignName>
<pk>true</pk>
<indexState>Primary Constraint</indexState>
<isSurrogateKey>false</isSurrogateKey>
<indexColumnUsage>
<colUsage columnID="E75AA302-7CDC-BB0E-F177-5EE9E674EC54"/>
</indexColumnUsage>
</ind_PK_UK>
</indexes>
</Table>