<?xml version = '1.0' encoding = 'UTF-8'?>
<Table class="oracle.dbtools.crest.model.design.relational.Table" directorySegmentName="seg_0" id="5B44F3E7-EBEC-3043-5A96-11BEA57BBC4D" name="EMPLEADO">
<createdBy>Ninao</createdBy>
<createdTime>2025-08-26 00:39:31 UTC</createdTime>
<generatorID>83715C4F-B814-B10E-D0A5-6691C7D5BE5F</generatorID>
<ownerDesignName>nina</ownerDesignName>
<allowColumnReorder>false</allowColumnReorder>
<existDependencyGenerateInDDl>true</existDependencyGenerateInDDl>
<parsed>true</parsed>
<columns itemClass="oracle.dbtools.crest.model.design.relational.Column">
<Column name="id_empleado" id="EB48748B-619B-78E3-5D30-BCA082C86560">
<createdBy>Ninao</createdBy>
<createdTime>2025-08-26 00:39:31 UTC</createdTime>
<generatorID>2AA2DE41-5AC6-15D5-0FE7-70EB40C18596</generatorID>
<ownerDesignName>nina</ownerDesignName>
<use>0</use>
<ownDataTypeParameters>,,</ownDataTypeParameters>
<autoIncrementCycle>false</autoIncrementCycle>
</Column>
<Column name="rut" id="EA7AD0A1-FE3E-6921-8143-BE5CAB3B33C2">
<createdBy>Ninao</createdBy>
<createdTime>2025-08-26 00:39:31 UTC</createdTime>
<generatorID>F4785A26-158F-7BEA-C256-F1EE330FE299</generatorID>
<ownerDesignName>nina</ownerDesignName>
<useDomainConstraints>false</useDomainConstraints>
<use>1</use>
<logicalDatatype>LOGDT024</logicalDatatype>
<dataTypeSize>12</dataTypeSize>
<ownDataTypeParameters>12,,</ownDataTypeParameters>
<autoIncrementCycle>false</autoIncrementCycle>
</Column>
<Column name="nombre_completo" id="51B957BC-0D38-3F1E-6C95-693EEDF962B3">
<createdBy>Ninao</createdBy>
<createdTime>2025-08-26 00:39:31 UTC</createdTime>
<generatorID>4510E99C-8F95-7A06-4073-84569205F60C</generatorID>
<ownerDesignName>nina</ownerDesignName>
<useDomainConstraints>false</useDomainConstraints>
<use>1</use>
<logicalDatatype>LOGDT024</logicalDatatype>
<dataTypeSize>100</dataTypeSize>
<ownDataTypeParameters>100,,</ownDataTypeParameters>
<autoIncrementCycle>false</autoIncrementCycle>
</Column>
<Column name="dirección" id="5846ADE4-2537-176F-DAF0-6D972AB0954E">
<createdBy>Ninao</createdBy>
<createdTime>2025-08-26 00:39:31 UTC</createdTime>
<generatorID>2BE61BDC-9C0C-828C-0D1C-0CE361899C36</generatorID>
<ownerDesignName>nina</ownerDesignName>
<useDomainConstraints>false</useDomainConstraints>
<use>1</use>
<logicalDatatype>LOGDT024</logicalDatatype>
<dataTypeSize>150</dataTypeSize>
<ownDataTypeParameters>150,,</ownDataTypeParameters>
<autoIncrementCycle>false</autoIncrementCycle>
</Column>
<Column name="sueldo_base" id="71A9B486-6DB2-D6A6-9120-019A7C26D2E6">
<createdBy>Ninao</createdBy>
<createdTime>2025-08-26 00:39:31 UTC</createdTime>
<generatorID>123D0471-784F-FCFF-B73F-90549DEC1B89</generatorID>
<ownerDesignName>nina</ownerDesignName>
<nullsAllowed>true</nullsAllowed>
<useDomainConstraints>false</useDomainConstraints>
<use>1</use>
<logicalDatatype>LOGDT019</logicalDatatype>
<dataTypePrecision>10</dataTypePrecision>
<dataTypeScale>2</dataTypeScale>
<ownDataTypeParameters>,10,2</ownDataTypeParameters>
<autoIncrementCycle>false</autoIncrementCycle>
</Column>
<Column name="fecha_ingreso" id="4CE88170-6700-334F-B77A-201877CD2F6D">
<createdBy>Ninao</createdBy>
<createdTime>2025-08-26 00:39:31 UTC</createdTime>
<generatorID>4E5A2C9A-8024-5DD2-277F-8B07EAF449D8</generatorID>
<ownerDesignName>nina</ownerDesignName>
<useDomainConstraints>false</useDomainConstraints>
<use>1</use>
<logicalDatatype>LOGDT007</logicalDatatype>
<ownDataTypeParameters>,,</ownDataTypeParameters>
<autoIncrementCycle>false</autoIncrementCycle>
</Column>
<Column name="genero" id="843585D1-0634-1165-D484-36867349A2B5">
<createdBy>Ninao</createdBy>
<createdTime>2025-08-26 00:39:31 UTC</createdTime>
<generatorID>E1039603-25CD-6115-1D14-B94A5A895587</generatorID>
<ownerDesignName>nina</ownerDesignName>
<useDomainConstraints>false</useDomainConstraints>
<use>1</use>
<logicalDatatype>LOGDT024</logicalDatatype>
<dataTypeSize>12</dataTypeSize>
<ownDataTypeParameters>12,,</ownDataTypeParameters>
<autoIncrementCycle>false</autoIncrementCycle>
</Column>
<Column name="telefono_movil" id="CF75B22C-C800-0E8F-3645-BB74E25667C9">
<createdBy>Ninao</createdBy>
<createdTime>2025-08-26 00:39:31 UTC</createdTime>
<generatorID>BB4CA1E7-304D-1319-1268-0EBE9A997E3C</generatorID>
<ownerDesignName>nina</ownerDesignName>
<useDomainConstraints>false</useDomainConstraints>
<use>1</use>
<logicalDatatype>LOGDT024</logicalDatatype>
<dataTypeSize>20</dataTypeSize>
<ownDataTypeParameters>20,,</ownDataTypeParameters>
<autoIncrementCycle>false</autoIncrementCycle>
</Column>
<Column name="telefeno_contacto" id="84B5A25B-0FFD-1282-22B6-C6CAB0120877">
<createdBy>Ninao</createdBy>
<createdTime>2025-08-26 00:39:31 UTC</createdTime>
<generatorID>77E93350-BB24-4AD6-423F-AB245B548F90</generatorID>
<ownerDesignName>nina</ownerDesignName>
<nullsAllowed>true</nullsAllowed>
<useDomainConstraints>false</useDomainConstraints>
<use>1</use>
<logicalDatatype>LOGDT024</logicalDatatype>
<dataTypeSize>20</dataTypeSize>
<ownDataTypeParameters>20,,</ownDataTypeParameters>
<autoIncrementCycle>false</autoIncrementCycle>
</Column>
</columns>
<indexes itemClass="oracle.dbtools.crest.model.design.relational.Index">
<ind_PK_UK id="B48E7DB5-4060-03DB-0765-4CFCD2A621D0" name="EMPLEADO_PK">
<createdBy>Ninao</createdBy>
<createdTime>2025-08-26 00:39:31 UTC</createdTime>
<generatorID>EB9E6D09-C5FD-9DE0-3CC7-E33C1811CD0B</generatorID>
<ownerDesignName>nina</ownerDesignName>
<pk>true</pk>
<indexState>Primary Constraint</indexState>
<isSurrogateKey>false</isSurrogateKey>
<indexColumnUsage>
<colUsage columnID="EB48748B-619B-78E3-5D30-BCA082C86560"/>
</indexColumnUsage>
</ind_PK_UK>
</indexes>
</Table>