<?xml version = '1.0' encoding = 'UTF-8'?>
<Table class="oracle.dbtools.crest.model.design.relational.Table" directorySegmentName="seg_0" id="66E83EBC-E51E-AC22-19C6-31CB00CCE3D0" name="VUELO">
<createdBy>Ninao</createdBy>
<createdTime>2025-08-26 00:39:31 UTC</createdTime>
<generatorID>52E0DFFA-289B-982A-3172-419156F71BC1</generatorID>
<ownerDesignName>nina</ownerDesignName>
<allowColumnReorder>false</allowColumnReorder>
<existDependencyGenerateInDDl>true</existDependencyGenerateInDDl>
<parsed>true</parsed>
<columns itemClass="oracle.dbtools.crest.model.design.relational.Column">
<Column name="id_vuelo" id="964EA903-C267-E557-9850-400A1EB9ED10">
<createdBy>Ninao</createdBy>
<createdTime>2025-08-26 00:39:31 UTC</createdTime>
<generatorID>8751B484-0FBC-3238-D0F4-5BE1E10090A9</generatorID>
<ownerDesignName>nina</ownerDesignName>
<use>0</use>
<ownDataTypeParameters>,,</ownDataTypeParameters>
<autoIncrementCycle>false</autoIncrementCycle>
</Column>
<Column name="numero_vuelo" id="34190800-163D-891B-63BC-D8D719E1C2CC">
<createdBy>Ninao</createdBy>
<createdTime>2025-08-26 00:39:31 UTC</createdTime>
<generatorID>F41D921C-ECC8-3B1B-B20C-E5FA006C04C1</generatorID>
<ownerDesignName>nina</ownerDesignName>
<useDomainConstraints>false</useDomainConstraints>
<use>1</use>
<logicalDatatype>LOGDT024</logicalDatatype>
<dataTypeSize>10</dataTypeSize>
<ownDataTypeParameters>10,,</ownDataTypeParameters>
<autoIncrementCycle>false</autoIncrementCycle>
</Column>
<Column name="fecha_despegue" id="FB85A47D-1428-8C15-E0CF-66A3465BA6DD">
<createdBy>Ninao</createdBy>
<createdTime>2025-08-26 00:39:31 UTC</createdTime>
<generatorID>67A16758-F719-1CD7-BDE2-C9360C390B7A</generatorID>
<ownerDesignName>nina</ownerDesignName>
<useDomainConstraints>false</useDomainConstraints>
<use>1</use>
<logicalDatatype>LOGDT007</logicalDatatype>
<ownDataTypeParameters>,,</ownDataTypeParameters>
<autoIncrementCycle>false</autoIncrementCycle>
</Column>
<Column name="fecha_llegada" id="188DF31E-2076-5AFC-A7ED-1710FF0EBCAB">
<createdBy>Ninao</createdBy>
<createdTime>2025-08-26 00:39:31 UTC</createdTime>
<generatorID>5926C1DE-295B-EF0E-D828-40D07329B48D</generatorID>
<ownerDesignName>nina</ownerDesignName>
<useDomainConstraints>false</useDomainConstraints>
<use>1</use>
<logicalDatatype>LOGDT007</logicalDatatype>
<ownDataTypeParameters>,,</ownDataTypeParameters>
<autoIncrementCycle>false</autoIncrementCycle>
</Column>
<Column name="hora_salida" id="AAFF76C1-5C37-8E9E-6704-47001EB29C61">
<createdBy>Ninao</createdBy>
<createdTime>2025-08-26 00:39:31 UTC</createdTime>
<generatorID>D1F88EAE-A3E9-974D-E6B7-CE29334B1E4A</generatorID>
<ownerDesignName>nina</ownerDesignName>
<useDomainConstraints>false</useDomainConstraints>
<use>1</use>
<logicalDatatype>LOGDT024</logicalDatatype>
<dataTypeSize>10</dataTypeSize>
<ownDataTypeParameters>10,,</ownDataTypeParameters>
<autoIncrementCycle>false</autoIncrementCycle>
</Column>
<Column name="PASAJERO_id_pasajero" id="A378D6F7-649E-9250-C261-F5B1F25784FB">
<createdBy>Ninao</createdBy>
<createdTime>2025-08-26 00:39:31 UTC</createdTime>
<generatorID>0140B571-992B-AC5D-DB8D-316222C9D3EC</generatorID>
<ownerDesignName>nina</ownerDesignName>
<useDomainConstraints>false</useDomainConstraints>
<use>1</use>
<ownDataTypeParameters>,,</ownDataTypeParameters>
<autoIncrementCycle>false</autoIncrementCycle>
</Column>
</columns>
<indexes itemClass="oracle.dbtools.crest.model.design.relational.Index">
<ind_PK_UK id="548290AE-9235-4747-DE1C-5AC96245161B" name="VUELO_PK">
<createdBy>Ninao</createdBy>
<createdTime>2025-08-26 00:39:31 UTC</createdTime>
<generatorID>70636C98-7757-15BA-35EC-CFE095D3937F</generatorID>
<ownerDesignName>nina</ownerDesignName>
<pk>true</pk>
<indexState>Primary Constraint</indexState>
<isSurrogateKey>false</isSurrogateKey>
<indexColumnUsage>
<colUsage columnID="964EA903-C267-E557-9850-400A1EB9ED10"/>
</indexColumnUsage>
</ind_PK_UK>
</indexes>
</Table>