<?xml version = '1.0' encoding = 'UTF-8'?>
<Table class="oracle.dbtools.crest.model.design.relational.Table" directorySegmentName="seg_0" id="C37DCD92-5336-EB9D-00FD-4F90ECDF99F3" name="RESERVA">
<createdBy>Ninao</createdBy>
<createdTime>2025-08-26 00:39:31 UTC</createdTime>
<generatorID>ADA0BE5C-8796-C2E7-6395-F20B9BD8D4AC</generatorID>
<ownerDesignName>nina</ownerDesignName>
<allowColumnReorder>false</allowColumnReorder>
<existDependencyGenerateInDDl>true</existDependencyGenerateInDDl>
<parsed>true</parsed>
<columns itemClass="oracle.dbtools.crest.model.design.relational.Column">
<Column name="id_reserva" id="8363C5D9-9786-5F90-CDC4-71F759BEB874">
<createdBy>Ninao</createdBy>
<createdTime>2025-08-26 00:39:31 UTC</createdTime>
<generatorID>82D63E4E-C39F-558B-6AB4-9E31638E9FF7</generatorID>
<ownerDesignName>nina</ownerDesignName>
<use>0</use>
<ownDataTypeParameters>,,</ownDataTypeParameters>
<autoIncrementCycle>false</autoIncrementCycle>
</Column>
<Column name="fecha_reserva" id="13A49253-C06E-A6BC-AA0C-23A627F9987F">
<createdBy>Ninao</createdBy>
<createdTime>2025-08-26 00:39:31 UTC</createdTime>
<generatorID>3CF1AD50-A4EA-576C-BEFB-AA05DA16356E</generatorID>
<ownerDesignName>nina</ownerDesignName>
<useDomainConstraints>false</useDomainConstraints>
<use>1</use>
<logicalDatatype>LOGDT007</logicalDatatype>
<ownDataTypeParameters>,,</ownDataTypeParameters>
<autoIncrementCycle>false</autoIncrementCycle>
</Column>
<Column name="fecha_viaje" id="7071B2A4-533C-DE50-9E88-2A691515EDEA">
<createdBy>Ninao</createdBy>
<createdTime>2025-08-26 00:39:31 UTC</createdTime>
<generatorID>26491E5E-D629-18F8-E206-148BA05AAD59</generatorID>
<ownerDesignName>nina</ownerDesignName>
<useDomainConstraints>false</useDomainConstraints>
<use>1</use>
<logicalDatatype>LOGDT007</logicalDatatype>
<ownDataTypeParameters>,,</ownDataTypeParameters>
<autoIncrementCycle>false</autoIncrementCycle>
</Column>
<Column name="estado" id="577EA371-008D-7B87-45E6-86514DD18283">
<createdBy>Ninao</createdBy>
<createdTime>2025-08-26 00:39:31 UTC</createdTime>
<generatorID>DAB93D4F-4D9F-D059-B2A6-F036AEB2CE19</generatorID>
<ownerDesignName>nina</ownerDesignName>
<useDomainConstraints>false</useDomainConstraints>
<use>1</use>
<logicalDatatype>LOGDT024</logicalDatatype>
<dataTypeSize>15</dataTypeSize>
<ownDataTypeParameters>15,,</ownDataTypeParameters>
<autoIncrementCycle>false</autoIncrementCycle>
</Column>
<Column name="id_pasajero" id="331AC9C9-604A-F3A3-6B56-E9B06CDA9BBC">
<createdBy>Ninao</createdBy>
<createdTime>2025-08-26 00:39:31 UTC</createdTime>
<generatorID>86E38E54-2D05-128F-2BFF-4420BAEAC983</generatorID>
<ownerDesignName>nina</ownerDesignName>
<useDomainConstraints>false</useDomainConstraints>
<use>1</use>
<logicalDatatype>LOGDT019</logicalDatatype>
<ownDataTypeParameters>,,</ownDataTypeParameters>
<autoIncrementCycle>false</autoIncrementCycle>
</Column>
<Column name="id_vuelo" id="8CB0BC9B-D4C2-D2A0-E352-5E9A575312E9">
<createdBy>Ninao</createdBy>
<createdTime>2025-08-26 00:39:31 UTC</createdTime>
<generatorID>3E80CAD5-9DCC-8FF5-BB42-4C42B83498E8</generatorID>
<ownerDesignName>nina</ownerDesignName>
<useDomainConstraints>false</useDomainConstraints>
<use>1</use>
<logicalDatatype>LOGDT019</logicalDatatype>
<ownDataTypeParameters>,,</ownDataTypeParameters>
<autoIncrementCycle>false</autoIncrementCycle>
</Column>
<Column name="id_empleado" id="19E7790F-ED98-2F76-6133-F778334D877D">
<createdBy>Ninao</createdBy>
<createdTime>2025-08-26 00:39:31 UTC</createdTime>
<generatorID>8FD0030F-DE9E-8019-E0A9-9ACDC1E6DD47</generatorID>
<ownerDesignName>nina</ownerDesignName>
<useDomainConstraints>false</useDomainConstraints>
<use>1</use>
<logicalDatatype>LOGDT019</logicalDatatype>
<ownDataTypeParameters>,,</ownDataTypeParameters>
<autoIncrementCycle>false</autoIncrementCycle>
</Column>
</columns>
<indexes itemClass="oracle.dbtools.crest.model.design.relational.Index">
<ind_PK_UK id="AFE6A261-B797-362B-A8A9-821F2C5DEC49" name="RESERVA_PK">
<createdBy>Ninao</createdBy>
<createdTime>2025-08-26 00:39:31 UTC</createdTime>
<generatorID>9ACA5A6C-83BA-C9B6-71F6-859776B3AB7C</generatorID>
<ownerDesignName>nina</ownerDesignName>
<pk>true</pk>
<indexState>Primary Constraint</indexState>
<isSurrogateKey>false</isSurrogateKey>
<indexColumnUsage>
<colUsage columnID="8363C5D9-9786-5F90-CDC4-71F759BEB874"/>
</indexColumnUsage>
</ind_PK_UK>
</indexes>
<impliedForeignKeys itemClass="oracle.dbtools.crest.model.design.relational.ImpliedForeignKey">
<impliedForeignKey name="ImpliedForeignKey_1" id="48D2CB75-8E39-9DBE-E15A-E346192F64FF">
<createdBy>Ninao</createdBy>
<createdTime>2025-08-26 00:54:34 UTC</createdTime>
<ownerDesignName>nina</ownerDesignName>
<referredTableID>66E83EBC-E51E-AC22-19C6-31CB00CCE3D0</referredTableID>
<referredTableLongName>VUELO</referredTableLongName>
</impliedForeignKey>
<impliedForeignKey name="ImpliedForeignKey_1v1" id="4DE4BBFC-73B2-EA39-68F4-F54A92E058EF">
<createdBy>Ninao</createdBy>
<createdTime>2025-08-26 00:54:44 UTC</createdTime>
<ownerDesignName>nina</ownerDesignName>
<referredTableID>46B08132-9844-F0BB-8CEA-1677F3083E35</referredTableID>
<referredTableLongName>PASAJERO</referredTableLongName>
</impliedForeignKey>
<impliedForeignKey name="ImpliedForeignKey_1v2" id="A6B3A21B-7621-B158-A7E0-83EBD68EF663">
<createdBy>Ninao</createdBy>
<createdTime>2025-08-26 00:54:50 UTC</createdTime>
<ownerDesignName>nina</ownerDesignName>
<referredTableID>5B44F3E7-EBEC-3043-5A96-11BEA57BBC4D</referredTableID>
<referredTableLongName>EMPLEADO</referredTableLongName>
</impliedForeignKey>
</impliedForeignKeys>
</Table>