<?xml version = '1.0' encoding = 'UTF-8'?>
<Relation class="oracle.dbtools.crest.model.design.logical.Relation" name="Relation_9" directorySegmentName="seg_0" id="2CD8DB05-8D01-DCC4-A017-4150DC5F55BB">
<createdBy>Ninao</createdBy>
<createdTime>2025-08-26 00:54:13 UTC</createdTime>
<ownerDesignName>nina</ownerDesignName>
<engineerTo>
<item key="E2C5163A-9226-EE4E-65BE-A86DEADAF4CC" value="true"/>
</engineerTo>
<sourcePk>FB826960-8022-B91C-3910-7E4F16CA21DD</sourcePk>
<identifying>false</identifying>
<optionalSource>true</optionalSource>
<optionalTarget>false</optionalTarget>
<sourceCardinality>1</sourceCardinality>
<sourceEntity>6512740F-D30E-8F3F-B6D9-5770E26740ED</sourceEntity>
<targetCardinalityString>*</targetCardinalityString>
<targetEntity>ADA0BE5C-8796-C2E7-6395-F20B9BD8D4AC</targetEntity>
<transferable>true</transferable>
<deleteRule>NO ACTION</deleteRule>
</Relation>