<?xml version = '1.0' encoding = 'UTF-8'?>
<Relation class="oracle.dbtools.crest.model.design.logical.Relation" name="Relation_10" directorySegmentName="seg_0" id="3CD92F07-548A-ED03-E9C5-BE8CDD430822">
<createdBy>Ninao</createdBy>
<createdTime>2025-08-26 00:54:17 UTC</createdTime>
<ownerDesignName>nina</ownerDesignName>
<engineerTo>
<item key="E2C5163A-9226-EE4E-65BE-A86DEADAF4CC" value="true"/>
</engineerTo>
<sourcePk>EB9E6D09-C5FD-9DE0-3CC7-E33C1811CD0B</sourcePk>
<identifying>false</identifying>
<optionalSource>true</optionalSource>
<optionalTarget>false</optionalTarget>
<sourceCardinality>1</sourceCardinality>
<sourceEntity>83715C4F-B814-B10E-D0A5-6691C7D5BE5F</sourceEntity>
<targetCardinalityString>*</targetCardinalityString>
<targetEntity>ADA0BE5C-8796-C2E7-6395-F20B9BD8D4AC</targetEntity>
<transferable>true</transferable>
<deleteRule>NO ACTION</deleteRule>
</Relation>