<?xml version = '1.0' encoding = 'UTF-8'?>
<Relation class="oracle.dbtools.crest.model.design.logical.Relation" name="Relation_8" directorySegmentName="seg_0" id="667E5D65-AFC1-1EA2-09BD-D8F641EACC04">
<createdBy>Ninao</createdBy>
<createdTime>2025-08-26 00:54:08 UTC</createdTime>
<ownerDesignName>nina</ownerDesignName>
<engineerTo>
<item key="E2C5163A-9226-EE4E-65BE-A86DEADAF4CC" value="true"/>
</engineerTo>
<sourcePk>70636C98-7757-15BA-35EC-CFE095D3937F</sourcePk>
<identifying>false</identifying>
<optionalSource>true</optionalSource>
<optionalTarget>false</optionalTarget>
<sourceCardinality>1</sourceCardinality>
<sourceEntity>52E0DFFA-289B-982A-3172-419156F71BC1</sourceEntity>
<targetCardinalityString>*</targetCardinalityString>
<targetEntity>ADA0BE5C-8796-C2E7-6395-F20B9BD8D4AC</targetEntity>
<transferable>true</transferable>
<deleteRule>NO ACTION</deleteRule>
</Relation>